PAPEL;SEGMENTO;DIVIDEND_YIELD;P_VP;LIQUIDEZ;QTD_DE_IMOVEIS;VACANCIA_MEDIA
AAZQ11;Títulos e Val. Mob.;0.1812;0.76;811424.0;0;0.0
ABCP11;Shoppings;0.0876;0.75;60763.0;1;2.01
AEFI11;Outros;0.0;1.2;0.0;7;0.0
AFCR11;Híbrido;0.0;1.05;0.0;0;0.0
AFHI11;Títulos e Val. Mob.;0.12359999999999999;0.99;1233550.0;0;0.0
AFOF11;Títulos e Val. Mob.;0.0;11.34;0.0;0;0.0
AGCX11;Outros;0.0;11.48;0.0;71;5.39
AGRX11;Híbrido;0.20679999999999998;0.68;567907.0;0;0.0
AIEC11;Lajes Corporativas;0.2151;0.5;579248.0;2;0.0
AJFI11;Títulos e Val. Mob.;0.1091;0.59;626717.0;0;0.0
ALMI11;Lajes Corporativas;0.024300000000000002;0.27;24918.0;1;55.4
ALZC11;Títulos e Val. Mob.;0.0859;0.91;250354.0;0;0.0
ALZM11;Títulos e Val. Mob.;0.1361;0.9;194186.0;0;0.0
ALZR11;Híbrido;0.0872;0.95;2070090.0;16;0.0
ANCR11;Shoppings;0.0554;0.97;437.0;7;4.42
APTO11;Híbrido;0.12179999999999999;0.92;40841.0;4;0.0
APXM11;Híbrido;0.0668;1.05;89003.0;1;10.58
ARCT11;Híbrido;0.0;0.87;0.0;13;3.26
AROA11;Outros;0.0583;1.12;7796.0;6;0.0
ARRI11;Títulos e Val. Mob.;0.1075;1.01;610453.0;0;0.0
ARXD11;Títulos e Val. Mob.;0.1384;0.09;188878.0;0;0.0
ASMT11;Híbrido;0.0;0.41;2142.0;3;0.0
ASRF11;Híbrido;0.0;1.16;34587.0;2;0.0
ATSA11;Shoppings;0.0235;0.67;1582.0;1;18.6
AURB11;Logística;0.0;1.13;21.0;2;48.35
AZPL11;Logística;0.0;0.72;627578.0;0;0.0
BARI11;Títulos e Val. Mob.;0.1243;0.77;588468.0;3;0.0
BBFI11;Lajes Corporativas;0.6388;0.4;165093.0;3;46.5
BBFO11;Títulos e Val. Mob.;0.1148;0.85;300541.0;0;0.0
BBGO11;Títulos e Val. Mob.;0.13449999999999998;0.66;670722.0;0;0.0
BBIG11;Shoppings;0.04;0.79;1192590.0;0;0.0
BBPO11;Lajes Corporativas;0.0;0.95;0.0;62;4.57
BBRC11;Outros;0.1193;0.94;114270.0;20;0.0
BBVJ11;Lajes Corporativas;0.0;0.88;0.0;1;45.04
BCFF11;Títulos e Val. Mob.;0.1191;0.81;2171150.0;0;0.0
BCIA11;Títulos e Val. Mob.;0.1142;0.87;830105.0;0;0.0
BCRI11;Títulos e Val. Mob.;0.1384;0.72;525902.0;0;0.0
BICE11;Títulos e Val. Mob.;0.08560000000000001;0.96;4921.0;0;0.0
BICR11;Títulos e Val. Mob.;0.0664;0.81;2959.0;0;0.0
BIME11;Híbrido;0.13720000000000002;0.84;68710.0;3;0.0
BIPD11;Títulos e Val. Mob.;0.0739;0.99;0.0;2;0.0
BLCA11;Lajes Corporativas;0.1346;1.01;109831.0;1;0.0
BLCP11;Logística;0.0;0.81;0.0;2;0.0
BLMC11;Títulos e Val. Mob.;0.0359;0.91;0.0;0;0.0
BLMG11;Outros;0.15810000000000002;0.46;724379.0;2;58.43
BLMO11;Lajes Corporativas;0.0705;0.7;53392.0;1;0.0
BLMR11;Títulos e Val. Mob.;0.0078000000000000005;0.84;0.0;0;0.0
BLOG11;Títulos e Val. Mob.;0.0067;1.03;188.0;0;0.0
BLUR11;Títulos e Val. Mob.;0.102;1.0;3063.0;0;0.0
BMLC11;Híbrido;0.0861;0.99;28450.0;1;2.14
BNFS11;Outros;0.15289999999999998;1.18;117241.0;18;0.22
BPFF11;Outros;0.11699999999999999;0.85;299416.0;0;0.0
BPML11;Híbrido;0.1192;0.62;1832240.0;4;7.11
BPRP11;Outros;0.0892;0.86;359.0;1;0.0
BRCO11;Logística;0.081;0.87;3155340.0;12;5.95
BRCR11;Híbrido;0.1305;0.48;1500760.0;6;6.14
BREV11;Híbrido;0.0;0.0;0.0;13;0.0
BRIM11;Residencial;0.28300000000000003;1.33;47399.0;1;0.0
BRIP11;Híbrido;0.2768;0.97;15381.0;0;0.0
BRLA11;Outros;0.08039999999999999;0.9;8695.0;8;0.0
BROF11;Híbrido;0.122;0.43;493999.0;2;4.64
BTAL11;Outros;0.1189;0.63;626745.0;9;0.0
BTCI11;Títulos e Val. Mob.;0.1275;0.88;1846860.0;0;0.0
BTCR11;Títulos e Val. Mob.;0.0;0.92;0.0;0;0.0
BTHI11;Hotel;0.1061;0.62;48314.0;14;0.0
BTLG11;Híbrido;0.09029999999999999;0.93;9640640.0;19;2.46
BTML11;Híbrido;0.0818;0.96;0.0;2;9.7
BTRA11;Outros;0.0967;0.37;263679.0;6;30.27
BTSG11;Logística;0.0672;1.09;134.0;1;0.0
BTSI11;Híbrido;0.0748;1.04;20.0;3;0.0
BTWR11;Lajes Corporativas;0.06860000000000001;0.93;35141.0;1;4.0
BTYU11;Híbrido;0.0433;1.1;372817.0;0;0.0
BVAR11;Outros;0.0583;1.68;414.0;47;23.15
CACR11;Híbrido;0.1653;0.92;1890690.0;0;0.0
CARE11;Híbrido;0.0;0.2;53034.0;1;0.0
CBOP11;Lajes Corporativas;0.042199999999999994;0.36;13441.0;1;53.4
CCME11;Outros;0.11320000000000001;0.87;770738.0;2;13.22
CCRF11;Títulos e Val. Mob.;0.0;0.95;0.0;0;0.0
CCVA11;Híbrido;0.0;0.99;79601.0;1;4.2
CEOC11;Lajes Corporativas;0.1356;0.54;41650.0;1;0.0
CFHI11;Outros;0.2257;1.03;0.0;10;0.0
CFII11;Híbrido;0.10800000000000001;0.95;0.0;7;0.0
CJCT11;Lajes Corporativas;0.0311;0.73;177779.0;1;45.04
CLIN11;Títulos e Val. Mob.;0.1313;0.94;1766630.0;0;0.0
CNES11;Lajes Corporativas;0.0759;0.15;74730.0;1;54.6
COPP11;Híbrido;0.0072;0.93;0.0;3;18.0
CORM11;Híbrido;0.0;0.89;0.0;3;0.0
CPFF11;Títulos e Val. Mob.;0.1244;0.81;274767.0;0;0.0
CPLG11;Logística;0.016399999999999998;1.03;8602580.0;0;0.0
CPOF11;Híbrido;0.0692;0.99;6237000.0;3;18.0
CPSH11;Shoppings;0.11689999999999999;0.86;1444350.0;6;6.1
CPTR11;Títulos e Val. Mob.;0.16469999999999999;0.66;1486320.0;0;0.0
CPTS11;Títulos e Val. Mob.;0.124;0.82;13478100.0;0;0.0
CRAA11;Títulos e Val. Mob.;0.1375;1.01;1330640.0;0;0.0
CRFF11;Títulos e Val. Mob.;0.1036;0.87;54240.0;0;0.0
CTXT11;Lajes Corporativas;0.0;0.22;2151.0;1;100.0
CVBI11;Títulos e Val. Mob.;0.1315;0.9;2135620.0;0;0.0
CXAG11;Outros;0.1149;0.6;197524.0;32;0.0
CXCE11;Lajes Corporativas;0.12359999999999999;0.61;17786.0;1;0.0
CXCI11;Títulos e Val. Mob.;0.1305;0.85;140589.0;0;0.0
CXCO11;Lajes Corporativas;0.1465;0.52;306683.0;10;0.0
CXRI11;Títulos e Val. Mob.;0.09939999999999999;0.86;62018.0;0;0.0
CXTL11;Logística;0.105;0.53;2144.0;1;0.0
DAMA11;Títulos e Val. Mob.;0.0316;1.02;47156.0;0;0.0
DAMT11;Híbrido;0.0074;0.95;492.0;1;11.05
DCRA11;Títulos e Val. Mob.;0.17679999999999998;0.74;110702.0;0;0.0
DEVA11;Títulos e Val. Mob.;0.2021;0.3;850886.0;0;0.0
DMAC11;Residencial;0.0;2.61;0.0;0;0.0
DOMC11;Híbrido;0.0;4.3;0.0;2;18.27
DOVL11;Lajes Corporativas;0.13570000000000002;0.83;0.0;2;0.0
DPRO11;Híbrido;0.09699999999999999;0.72;12659.0;1;0.0
DRIT11;Lajes Corporativas;0.1521;0.65;507.0;4;39.15
DVFF11;Títulos e Val. Mob.;0.1292;0.78;15062.0;0;0.0
EDFO11;Lajes Corporativas;0.1324;0.66;7637.0;1;0.0
EDGA11;Lajes Corporativas;0.0489;0.29;22483.0;1;24.56
EGAF11;Títulos e Val. Mob.;0.161;0.89;625684.0;0;0.0
ELDO11B;Shoppings;0.1026;0.68;0.0;1;1.32
EQIN11;Títulos e Val. Mob.;0.0;9.4;0.0;0;0.0
EQIR11;Títulos e Val. Mob.;0.1301;0.84;255211.0;0;0.0
ERCR11;Híbrido;0.0;2.69;0.0;0;0.0
ERPA11;Lajes Corporativas;0.07400000000000001;0.94;90775.0;1;0.0
EURO11;Logística;0.0967;0.66;39609.0;7;0.0
EVBI11;Híbrido;0.084;0.96;302663.0;5;1.51
EXES11;Títulos e Val. Mob.;0.09970000000000001;1.05;55588.0;0;0.0
FAED11;Outros;0.1363;0.62;72133.0;4;0.0
FAMB11;Lajes Corporativas;0.0;0.82;289823.0;1;89.31
FATN11;Híbrido;0.1192;0.85;553153.0;51;4.61
FCFL11;Outros;0.08710000000000001;0.91;265655.0;1;0.0
FEXC11;Títulos e Val. Mob.;0.0;8.31;0.0;0;0.0
FFCI11;Lajes Corporativas;0.0;0.89;0.0;9;1.77
FGAA11;Híbrido;0.1611;0.82;1379160.0;0;0.0
FIGS11;Shoppings;0.1002;0.61;106344.0;2;5.84
FIIB11;Híbrido;0.0828;1.04;265487.0;11;0.0
FIIP11;Híbrido;0.10529999999999999;0.77;121591.0;7;0.0
FISC11;Lajes Corporativas;0.0741;0.54;18300.0;4;0.0
FISD11;Títulos e Val. Mob.;0.0;3.41;0.0;1;0.0
FIXX11;Títulos e Val. Mob.;0.0;1.35;0.0;0;0.0
FLCR11;Títulos e Val. Mob.;0.1374;1.01;463248.0;0;0.0
FLFL11;Híbrido;0.0096;0.7;0.0;1;0.0
FLMA11;Híbrido;0.0934;0.62;63708.0;2;0.0
FLRP11;Shoppings;0.08130000000000001;0.84;14573.0;1;2.86
FMOF11;Lajes Corporativas;0.018600000000000002;0.43;377.0;2;17.23
FPAB11;Lajes Corporativas;0.0471;0.64;104884.0;2;29.92
FPNG11;Lajes Corporativas;0.0077;1.65;1719.0;8;0.97
FRBR11;Títulos e Val. Mob.;0.0;1.06;0.0;0;0.0
FTCE11;Híbrido;0.0316;1.0;1546.0;79;3.79
FVBI11;Lajes Corporativas;0.0;0.0;0.0;1;0.0
FVPQ11;Shoppings;0.1373;0.27;79996.0;1;13.6
FZDA11;Outros;0.0098;0.59;5472.0;6;0.0
FZDB11;Outros;0.0305;0.73;764.0;16;0.0
GALG11;Híbrido;0.0273;1.01;0.0;4;0.0
GAME11;Outros;0.13;0.9;100984.0;0;0.0
GARE11;Híbrido;0.083;1.01;6801580.0;4;0.0
GCFF11;Títulos e Val. Mob.;0.0;0.89;0.0;0;0.0
GCOI11;Híbrido;0.0;1.04;337.0;5;0.0
GCRA11;Títulos e Val. Mob.;0.2183;0.51;258428.0;0;0.0
GCRI11;Títulos e Val. Mob.;0.1666;0.72;170366.0;1;0.0
GESE11B;Outros;1.51;1.36;0.0;1;0.0
GGRC11;Logística;0.0932;0.88;1588000.0;13;0.0
GLOG11;Logística;0.1052;0.53;41131.0;1;0.0
GRLV11;Logística;0.0;24.38;0.0;1;3.69
GRWA11;Títulos e Val. Mob.;0.1602;0.88;21894.0;0;0.0
GSFI11;Shoppings;0.0;0.57;130264.0;0;0.0
GTLG11;Logística;0.0;0.7;0.0;5;1.69
GTWR11;Lajes Corporativas;0.1235;0.71;1006900.0;3;0.0
GURB11;Híbrido;0.0128;0.93;0.0;2;9.7
GWIR11;Shoppings;0.0;0.74;0.0;0;0.0
GZIT11;Híbrido;0.1431;0.48;1122860.0;5;3.0
HAAA11;Lajes Corporativas;0.0643;0.44;1027.0;2;19.81
HABT11;Títulos e Val. Mob.;0.1523;0.78;1345400.0;0;0.0
HBCR11;Outros;0.1198;1.05;8254750.0;2;0.0
HBRH11;Híbrido;0.015300000000000001;0.81;0.0;5;2.83
HBTT11;Títulos e Val. Mob.;0.0;1.19;0.0;0;0.0
HCHG11;Outros;0.1166;0.74;51264.0;0;0.0
HCRI11;Hospital;0.12300000000000001;0.84;42437.0;1;0.0
HCTR11;Títulos e Val. Mob.;0.17120000000000002;0.23;939791.0;0;0.0
HDEL11;Logística;0.1209;1.41;16.0;0;0.0
HFOF11;Títulos e Val. Mob.;0.1153;0.81;1789390.0;0;0.0
HGAG11;Outros;0.1319;0.66;3684.0;0;0.0
HGBL11;Logística;0.08539999999999999;1.05;1403950.0;1;0.0
HGBS11;Shoppings;0.1017;0.87;3569190.0;15;5.47
HGCR11;Títulos e Val. Mob.;0.09300000000000001;0.97;3165320.0;0;0.0
HGFF11;Títulos e Val. Mob.;0.08789999999999999;0.87;423615.0;0;0.0
HGIC11;Títulos e Val. Mob.;0.1292;0.78;6518.0;2;0.0
HGJH11;Lajes Corporativas;0.0;0.55;0.0;2;3.42
HGLG11;Logística;0.0678;0.98;8050900.0;26;6.43
HGPO11;Lajes Corporativas;0.048;0.35;974507.0;2;3.42
HGRE11;Lajes Corporativas;0.0817;0.68;1922220.0;16;26.34
HGRU11;Híbrido;0.083;0.93;4612890.0;68;0.97
HILG11;Outros;0.031200000000000002;1.06;5.0;1;0.0
HLOG11;Logística;0.0664;0.72;111996.0;4;23.09
HMOC11;Shoppings;0.0;0.95;0.0;0;0.0
HOFC11;Lajes Corporativas;0.0313;0.35;89062.0;4;52.71
HOSI11;Híbrido;0.10310000000000001;0.92;117245.0;2;0.0
HPDP11;Shoppings;0.0703;0.91;1658420.0;1;1.89
HRDF11;Híbrido;0.0;0.35;507.0;0;0.0
HREC11;Títulos e Val. Mob.;0.1124;0.91;394676.0;0;0.0
HRES11;Híbrido;0.0895;1.19;0.0;0;0.0
HSAF11;Títulos e Val. Mob.;0.1222;0.92;542593.0;0;0.0
HSLG11;Logística;0.1074;0.75;612264.0;6;4.12
HSML11;Shoppings;0.10439999999999999;0.8;3590420.0;8;4.01
HSRE11;Híbrido;0.08960000000000001;1.02;1773530.0;25;5.44
HTMX11;Hotel;0.1442;1.16;1300660.0;21;0.0
HUCG11;Logística;0.0049;0.82;459.0;2;0.0
HUSC11;Outros;0.0978;0.68;3529.0;1;0.0
HUSI11;Hospital;0.07780000000000001;1.03;1716.0;1;0.0
IAAG11;Títulos e Val. Mob.;0.1264;0.88;149873.0;0;0.0
IAGR11;Outros;0.1024;0.32;12350.0;0;0.0
IBCR11;Títulos e Val. Mob.;0.192;0.57;167844.0;0;0.0
IBFF11;Títulos e Val. Mob.;0.0;0.93;0.0;0;0.0
ICRI11;Títulos e Val. Mob.;0.08689999999999999;0.94;1289210.0;0;0.0
IDFI11;Títulos e Val. Mob.;2.6616000000000004;0.46;17023.0;2;0.0
IDGR11;Híbrido;1.8463;0.83;2057.0;1;0.0
IFID11;Títulos e Val. Mob.;0.0;1.15;0.0;0;0.0
IFIE11;Títulos e Val. Mob.;0.0;0.95;0.0;0;0.0
INLG11;Logística;0.021;0.75;129354.0;5;0.84
INRD11;Residencial;0.0171;0.59;90238.0;5;5.17
IRDM11;Títulos e Val. Mob.;0.1399;0.77;4479950.0;0;0.0
IRIM11;Híbrido;0.1467;0.78;95250.0;0;0.0
ISCJ11;Títulos e Val. Mob.;0.0;0.64;180.0;0;0.0
ITIP11;Títulos e Val. Mob.;0.1121;1.0;70216.0;0;0.0
ITIT11;Títulos e Val. Mob.;0.1007;0.93;106634.0;0;0.0
ITRI11;Híbrido;0.0668;0.87;2133250.0;0;0.0
JASC11;Híbrido;0.0653;0.96;6282.0;16;1.32
JBFO11;Títulos e Val. Mob.;0.0271;1.04;0.0;0;0.0
JCCJ11;Títulos e Val. Mob.;0.0292;0.85;1097450.0;0;0.0
JCIN11;Títulos e Val. Mob.;0.0199;1.0;1461300.0;0;0.0
JFLL11;Residencial;0.0968;0.69;131353.0;2;9.0
JGPX11;Híbrido;0.18710000000000002;0.67;1079190.0;0;0.0
JPPA11;Híbrido;0.1388;0.83;230903.0;0;0.0
JPPC11;Híbrido;0.0;0.36;12.0;0;0.0
JRDM11;Shoppings;0.0;0.96;0.0;1;1.19
JSAF11;Títulos e Val. Mob.;0.1341;0.87;2269290.0;0;0.0
JSCR11;Títulos e Val. Mob.;0.0096;0.88;241434.0;0;0.0
JSRE11;Híbrido;0.0904;0.55;2126450.0;6;7.85
KCRE11;Títulos e Val. Mob.;0.1189;0.91;490976.0;0;0.0
KEVE11;Residencial;0.0625;1.52;47070.0;1;0.0
KFOF11;Títulos e Val. Mob.;0.1003;0.83;1939990.0;0;0.0
KINP11;Residencial;0.0;0.0;0.0;1;0.0
KISU11;Títulos e Val. Mob.;0.1144;0.91;881768.0;0;0.0
KIVO11;Títulos e Val. Mob.;0.1535;0.84;648049.0;0;0.0
KNCA11;Títulos e Val. Mob.;0.12689999999999999;0.92;4818260.0;0;0.0
KNCR11;Títulos e Val. Mob.;0.1079;1.02;15179500.0;0;0.0
KNHF11;Híbrido;0.09880000000000001;0.87;4919530.0;2;0.0
KNHY11;Títulos e Val. Mob.;0.1198;1.02;7125000.0;0;0.0
KNIP11;Títulos e Val. Mob.;0.105;0.97;10079800.0;0;0.0
KNRE11;Residencial;0.0;0.32;4164.0;0;0.0
KNRI11;Híbrido;0.0849;0.84;9418650.0;20;0.13
KNSC11;Títulos e Val. Mob.;0.1115;0.95;5049190.0;0;0.0
KNUQ11;Títulos e Val. Mob.;0.11710000000000001;1.01;3588410.0;0;0.0
KOPA11;Títulos e Val. Mob.;0.11710000000000001;0.9;401118.0;0;0.0
KORE11;Títulos e Val. Mob.;0.1282;0.72;3113800.0;4;1.72
LASC11;Shoppings;0.0659;0.87;48360.0;2;2.3
LATR11B;Residencial;0.0;0.9;0.0;0;0.0
LFTT11;Residencial;0.0;0.43;18731.0;76;0.0
LGCP11;Logística;0.0833;0.83;44241.0;5;0.84
LIFE11;Outros;0.15039999999999998;0.97;790729.0;0;0.0
LLAO11;Híbrido;0.039900000000000005;1.26;0.0;15;0.0
LOFT11B;Residencial;0.0;7.43;0.0;4;0.0
LPLP11;Residencial;0.4679;1.37;0.0;0;0.0
LSAG11;Títulos e Val. Mob.;0.17850000000000002;0.76;103994.0;0;0.0
LSPA11;Outros;0.5847;1.42;13646.0;0;0.0
LTMT11;Residencial;0.08800000000000001;0.99;353.0;0;0.0
LUGG11;Residencial;0.0727;0.62;7549.0;5;5.17
LVBI11;Logística;0.10279999999999999;0.8;3964560.0;8;0.0
MALL11;Híbrido;0.09960000000000001;0.81;2102010.0;10;3.64
MANA11;Títulos e Val. Mob.;0.1369;0.9;1422740.0;0;0.0
MATV11;Títulos e Val. Mob.;0.0;0.92;0.0;0;0.0
MAXR11;Híbrido;0.23309999999999997;0.51;484087.0;8;23.23
MBRF11;Outros;0.0;0.9;0.0;2;78.44
MCCI11;Títulos e Val. Mob.;0.12;0.9;3744870.0;0;0.0
MCEM11;Títulos e Val. Mob.;0.0;1.82;627.0;0;0.0
MCHF11;Títulos e Val. Mob.;0.0325;0.87;0.0;3;0.0
MCHY11;Títulos e Val. Mob.;0.146;0.89;4311050.0;1;35.85
MFAI11;Híbrido;0.0687;0.98;38182.0;0;0.0
MFCR11;Híbrido;0.1245;0.95;5173.0;0;0.0
MFII11;Híbrido;0.13699999999999998;0.88;1468230.0;5;0.0
MGCR11;Títulos e Val. Mob.;0.0;0.96;0.0;0;0.0
MGFF11;Títulos e Val. Mob.;0.0147;0.0;0.0;0;0.0
MGHT11;Híbrido;0.2569;0.29;50227.0;1;0.0
MGIM11;Híbrido;0.0;1.03;0.0;0;0.0
MGLG11;Híbrido;0.0;0.91;0.0;1;0.0
MINT11;Outros;0.04650000000000001;0.86;2024.0;4;0.0
MMPD11;Outros;0.0754;0.98;0.0;0;0.0
MORC11;Títulos e Val. Mob.;0.0342;0.92;0.0;0;0.0
MORE11;Títulos e Val. Mob.;0.0091;0.88;0.0;0;0.0
MXRF11;Híbrido;0.12210000000000001;0.95;17533600.0;3;0.0
NAVT11;Títulos e Val. Mob.;0.17620000000000002;0.91;113715.0;0;0.0
NCHB11;Títulos e Val. Mob.;0.1462;0.83;269215.0;0;0.0
NCRA11;Títulos e Val. Mob.;0.13949999999999999;0.77;68941.0;0;0.0
NCRI11;Títulos e Val. Mob.;0.1241;0.93;4690.0;0;0.0
NEWL11;Híbrido;0.1099;0.78;220201.0;3;0.0
NEWU11;Híbrido;0.0223;1.02;19685.0;3;47.02
NEXG11;Outros;0.0726;1.23;100994.0;0;0.0
NPAR11;Outros;0.0;0.7;0.0;0;0.0
NSLU11;Hospital;0.11109999999999999;0.77;145831.0;1;0.0
NVHO11;Hospital;0.08039999999999999;0.85;6010.0;4;0.0
OBAL11;Residencial;0.1864;1.07;0.0;8;0.0
OCRE11;Títulos e Val. Mob.;0.0863;1.0;10189.0;0;0.0
OGHY11;Títulos e Val. Mob.;0.0203;0.92;0.0;0;0.0
OIAG11;Títulos e Val. Mob.;0.165;0.75;196368.0;0;0.0
ONEF11;Lajes Corporativas;0.1726;1.09;0.0;0;0.0
ORPD11;Títulos e Val. Mob.;0.0;0.65;0.0;0;0.0
OUCY11;Híbrido;0.0;0.0;0.0;8;0.0
OUFF11;Títulos e Val. Mob.;0.0931;0.0;0.0;0;0.0
OUJP11;Híbrido;0.1297;0.78;583559.0;0;0.0
OULG11;Logística;0.0316;0.49;97397.0;2;0.0
OURE11;Híbrido;0.0971;0.0;0.0;8;0.0
PATA11;Outros;0.0;1.04;20273.0;0;0.0
PATC11;Lajes Corporativas;0.12050000000000001;0.83;41512.0;4;0.0
PATL11;Logística;0.1363;0.49;535943.0;4;0.0
PDDA11B;Logística;0.0;1.66;0.0;2;0.0
PEMA11;Títulos e Val. Mob.;0.162;0.46;705.0;0;0.0
PLCA11;Títulos e Val. Mob.;0.15380000000000002;0.71;131624.0;0;0.0
PLCR11;Títulos e Val. Mob.;0.11019999999999999;0.88;293553.0;0;0.0
PLOG11;Logística;0.0;0.61;0.0;1;0.0
PLRI11;Títulos e Val. Mob.;0.5196999999999999;0.51;3322.0;0;0.0
PMFO11;Títulos e Val. Mob.;0.1155;0.99;17169.0;0;0.0
PMIS11;Títulos e Val. Mob.;0.0969;0.94;347687.0;0;0.0
PNCR11;Residencial;0.11699999999999999;1.02;28.0;1;0.0
PNDL11;Títulos e Val. Mob.;0.0029;1.09;1068.0;0;0.0
PNPR11;Híbrido;0.028300000000000002;1.04;6407.0;1;0.0
PNRC11;Híbrido;0.1387;1.08;0.0;3;0.0
PORD11;Títulos e Val. Mob.;0.13269999999999998;0.82;564905.0;0;0.0
PQAG11;Logística;0.0902;1.01;230287.0;1;0.0
PQDP11;Shoppings;0.0603;0.58;229684.0;1;1.67
PRSN11;Residencial;0.1038;0.44;310.0;2;0.0
PRSV11;Lajes Corporativas;0.0;0.35;2516.0;1;100.0
PULV11;Títulos e Val. Mob.;0.0199;0.92;94664.0;0;0.0
PURB11;Híbrido;0.0;0.82;0.0;2;9.7
PVBI11;Lajes Corporativas;0.0971;0.73;8070900.0;7;15.55
QAGR11;Outros;0.12140000000000001;0.73;162043.0;12;0.0
QAMI11;Títulos e Val. Mob.;0.0;0.91;0.0;0;0.0
QIFF11;Títulos e Val. Mob.;0.0;1.09;0.0;0;0.0
QIRI11;Títulos e Val. Mob.;0.0;0.87;0.0;0;0.0
QMFF11;Títulos e Val. Mob.;0.0;1.1;0.0;0;0.0
RBBV11;Títulos e Val. Mob.;0.0;0.99;0.0;0;0.0
RBCO11;Lajes Corporativas;0.0839;0.49;144616.0;4;0.0
RBDS11;Residencial;0.0;0.16;396.0;0;0.0
RBED11;Outros;0.19390000000000002;0.74;245366.0;7;0.0
RBFF11;Títulos e Val. Mob.;0.1137;0.8;568259.0;0;0.0
RBGS11;Shoppings;0.0;0.31;0.0;1;11.94
RBHG11;Títulos e Val. Mob.;0.12359999999999999;0.88;338140.0;0;0.0
RBHY11;Títulos e Val. Mob.;0.138;0.88;258274.0;0;0.0
RBIR11;Residencial;0.0434;0.78;188734.0;0;0.0
RBIV11;Títulos e Val. Mob.;0.0;0.96;0.0;0;0.0
RBLG11;Logística;0.13269999999999998;0.85;1762.0;1;0.0
RBOP11;Outros;0.1531;0.46;30854.0;2;78.44
RBRD11;Híbrido;0.0958;0.55;48237.0;4;27.96
RBRF11;Títulos e Val. Mob.;0.11019999999999999;0.77;2605510.0;0;0.0
RBRI11;Híbrido;0.1211;0.84;338.0;0;0.0
RBRL11;Logística;0.11710000000000001;0.69;621953.0;5;0.0
RBRM11;Títulos e Val. Mob.;0.0;8.16;0.0;0;0.0
RBRP11;Outros;0.10679999999999999;0.68;1047260.0;6;0.0
RBRR11;Títulos e Val. Mob.;0.12;0.87;3300630.0;0;0.0
RBRS11;Híbrido;0.019799999999999998;0.45;41332.0;3;80.76
RBRX11;Títulos e Val. Mob.;0.1319;0.86;899396.0;1;0.0
RBRY11;Títulos e Val. Mob.;0.1294;0.94;3955590.0;0;0.0
RBTS11;Outros;0.0239;1.12;4315.0;0;0.0
RBVA11;Outros;0.1084;0.88;1942600.0;71;5.39
RBVO11;Lajes Corporativas;0.9833;1.02;71346.0;0;0.0
RCFF11;Títulos e Val. Mob.;0.2309;0.73;41.0;0;0.0
RCRB11;Lajes Corporativas;0.0915;0.61;1304320.0;9;1.77
RCRI11B;Híbrido;0.0;1.16;0.0;0;0.0
RDES11;Híbrido;0.0;0.81;0.0;3;47.02
RDPD11;Títulos e Val. Mob.;0.0;2.16;0.0;0;0.0
RECR11;Títulos e Val. Mob.;0.13720000000000002;0.83;3106320.0;1;100.02
RECT11;Híbrido;0.1604;0.31;341407.0;9;10.76
RECX11;Títulos e Val. Mob.;0.0784;0.93;7637.0;0;0.0
REIT11;Títulos e Val. Mob.;0.1374;0.32;142.0;0;0.0
RELG11;Híbrido;0.0125;0.47;131025.0;5;10.0
RFOF11;Títulos e Val. Mob.;0.1291;0.89;106479.0;0;0.0
RINV11;Títulos e Val. Mob.;0.1278;1.0;589940.0;0;0.0
RMAI11;Híbrido;0.06570000000000001;0.73;30999.0;2;18.27
RNDP11;Títulos e Val. Mob.;1.1835;0.67;8532.0;0;0.0
RNGO11;Lajes Corporativas;0.0919;0.57;146892.0;4;14.63
ROOF11;Outros;0.0;1.44;0.0;60;0.0
RPRI11;Títulos e Val. Mob.;0.1304;0.87;517375.0;0;0.0
RRCI11;Títulos e Val. Mob.;0.1384;0.77;47278.0;0;0.0
RSPD11;Residencial;0.0301;0.93;594.0;0;0.0
RURA11;Títulos e Val. Mob.;0.1436;0.79;6162900.0;0;0.0
RVBI11;Títulos e Val. Mob.;0.1388;0.84;1722050.0;0;0.0
RZAG11;Títulos e Val. Mob.;0.1521;0.82;1898070.0;0;0.0
RZAK11;Títulos e Val. Mob.;0.1502;0.89;2491310.0;0;0.0
RZAT11;Híbrido;0.13970000000000002;0.86;1898010.0;13;3.26
RZDM11;Híbrido;0.0;4.15;0.0;4;0.0
RZEO11;Outros;0.0473;1.07;76.0;0;0.0
RZTR11;Híbrido;0.1215;0.9;5209450.0;17;24.4
RZZR11;Outros;0.008199999999999999;0.84;18445.0;8;0.0
SADI11;Títulos e Val. Mob.;0.1243;0.87;421475.0;0;0.0
SAIC11B;Lajes Corporativas;0.0;0.62;0.0;1;100.0
SAPI11;Títulos e Val. Mob.;0.1158;0.83;344788.0;0;0.0
SARE11;Híbrido;0.0978;0.43;844050.0;3;0.0
SCPF11;Híbrido;0.0454;0.17;3717.0;1;32.26
SDIL11;Logística;0.0;0.97;0.0;6;0.0
SDIP11;Lajes Corporativas;0.0;0.9;0.0;5;0.0
SEED11;Híbrido;0.1038;1.09;22755.0;0;0.0
SEQR11;Outros;0.15130000000000002;0.53;116717.0;4;0.0
SHDP11B;Shoppings;0.0805;0.85;0.0;1;1.67
SHOP11;Híbrido;0.0;1.37;16.0;1;18.13
SHPH11;Shoppings;0.0726;0.89;179508.0;1;3.89
SIGR11;Títulos e Val. Mob.;0.051500000000000004;1.0;0.0;0;0.0
SJAU11;Logística;0.1907;0.81;362.0;0;0.0
SMRE11;Outros;0.041299999999999996;0.91;638048.0;0;0.0
SNAG11;Híbrido;0.1291;0.97;1526460.0;3;0.0
SNCI11;Títulos e Val. Mob.;0.1315;0.91;672956.0;0;0.0
SNCR11;Híbrido;0.0;0.99;0.0;0;0.0
SNEL11;Híbrido;0.12300000000000001;1.28;882597.0;1;0.0
SNFF11;Títulos e Val. Mob.;0.1306;0.96;448432.0;0;0.0
SNFZ11;Híbrido;0.0054;1.0;25145.0;2;0.0
SNLG11;Híbrido;0.054400000000000004;0.65;169222.0;1;0.0
SNME11;Híbrido;0.11470000000000001;1.0;39568.0;0;0.0
SOLR11;Híbrido;0.0;1.13;0.0;1;0.0
SPDE11;Residencial;0.05;1.16;29260.0;0;0.0
SPMO11;Híbrido;0.0;1.08;0.0;0;0.0
SPTW11;Lajes Corporativas;0.165;0.52;97843.0;1;0.0
SPXS11;Híbrido;0.1304;0.93;536076.0;0;0.0
SRVD11;Títulos e Val. Mob.;0.0;5.51;0.0;0;0.0
STRX11;Híbrido;0.0542;1.14;0.0;2;8.13
TBOF11;Lajes Corporativas;0.0;486.34;0.0;1;15.37
TEPP11;Lajes Corporativas;0.1155;0.86;1021040.0;5;0.0
TGAR11;Híbrido;0.14800000000000002;0.86;12093300.0;5;0.0
THRA11;Lajes Corporativas;0.0;14.52;0.0;0;0.0
TJKB11;Lajes Corporativas;0.0971;1.19;2836.0;11;0.0
TMPS11;Títulos e Val. Mob.;0.1343;0.86;325383.0;0;0.0
TORD11;Híbrido;0.0;0.14;76710.0;1;0.0
TOUR11;Residencial;0.0;0.0;0.0;3;0.0
TRBL11;Logística;0.1315;0.7;1846370.0;6;0.0
TRNT11;Lajes Corporativas;0.014499999999999999;0.57;34891.0;1;42.5
TRXB11;Híbrido;0.094;1.16;3425.0;15;0.0
TRXF11;Híbrido;0.1118;0.96;6135630.0;29;0.0
TRXL11;Híbrido;0.0;0.99;0.0;19;2.46
TSER11;Lajes Corporativas;0.1103;1.01;0.0;1;0.0
TSNC11;Híbrido;1457.66;0.01;0.0;1;100.0
TVRI11;Lajes Corporativas;0.1225;0.87;1221340.0;62;4.57
UBSR11;Títulos e Val. Mob.;0.0;1.11;0.0;1;100.02
URHF11;Títulos e Val. Mob.;0.0213;1.18;4796.0;0;0.0
URPR11;Outros;0.1864;0.6;2483850.0;0;0.0
VCJR11;Títulos e Val. Mob.;0.12279999999999999;0.88;2394840.0;0;0.0
VCRA11;Títulos e Val. Mob.;0.1773;0.62;951951.0;0;0.0
VCRI11;Títulos e Val. Mob.;0.1436;0.76;276441.0;0;0.0
VCRR11;Logística;0.1175;0.49;228529.0;4;0.0
VERE11;Outros;0.057699999999999994;0.93;0.0;4;16.52
VGHF11;Títulos e Val. Mob.;0.1331;0.87;4100780.0;0;0.0
VGIA11;Títulos e Val. Mob.;0.16140000000000002;0.87;2100360.0;0;0.0
VGII11;Outros;0.09140000000000001;1.05;0.0;0;0.0
VGIP11;Títulos e Val. Mob.;0.1303;0.85;1766320.0;0;0.0
VGIR11;Títulos e Val. Mob.;0.1343;0.98;5842470.0;0;0.0
VGRI11;Títulos e Val. Mob.;0.08380000000000001;0.84;416312.0;5;6.51
VIFI11;Títulos e Val. Mob.;0.1155;0.82;96597.0;0;0.0
VILG11;Logística;0.09119999999999999;0.68;1784240.0;15;6.58
VINO11;Lajes Corporativas;0.129;0.46;889227.0;10;2.2
VISC11;Shoppings;0.1057;0.79;5530470.0;29;5.47
VIUR11;Outros;0.13470000000000001;0.65;233915.0;8;3.11
VJFD11;Híbrido;0.0048;1.0;1945.0;39;0.0
VLOL11;Lajes Corporativas;0.0;0.88;0.0;0;0.0
VOTS11;Títulos e Val. Mob.;0.1207;0.81;3315.0;0;0.0
VPSI11;Shoppings;0.0641;0.5;0.0;16;0.0
VRTA11;Títulos e Val. Mob.;0.11789999999999999;0.89;1762910.0;0;0.0
VRTM11;Títulos e Val. Mob.;0.12869999999999998;0.78;523400.0;16;0.0
VSEC11;Títulos e Val. Mob.;0.0;0.07;0.0;0;0.0
VSHO11;Shoppings;0.1079;0.67;74841.0;3;7.84
VSLH11;Outros;0.1469;0.3;159960.0;0;0.0
VTLT11;Logística;0.1161;0.79;102573.0;1;0.0
VTPL11;Híbrido;0.0;1.0;0.0;2;0.0
VVCR11;Títulos e Val. Mob.;0.0998;0.9;220111.0;0;0.0
VVMR11;Híbrido;0.0791;0.77;56453.0;5;2.83
VVPR11;Híbrido;0.0;1.04;0.0;6;0.0
VVRI11;Híbrido;0.1164;0.99;426050.0;2;0.0
VXXV11;Outros;0.3452;1.05;79811.0;1;100.0
WHGR11;Híbrido;0.12359999999999999;0.94;466632.0;0;0.0
WPLZ11;Shoppings;0.08109999999999999;0.62;4436.0;1;11.38
WSEC11;Títulos e Val. Mob.;0.13699999999999998;0.79;26528.0;0;0.0
WTSP11;Híbrido;0.2711;0.68;14755.0;1;3.45
XPCA11;Títulos e Val. Mob.;0.1873;0.63;1877900.0;0;0.0
XPCI11;Títulos e Val. Mob.;0.12050000000000001;0.89;1862840.0;0;0.0
XPCM11;Híbrido;0.0125;0.25;15650.0;1;78.34
XPHT11;Hotel;0.0;1.95;0.0;14;0.0
XPIN11;Outros;0.1013;0.67;453432.0;96;12.82
XPLG11;Logística;0.09210000000000002;0.86;4092330.0;16;3.62
XPML11;Shoppings;0.09939999999999999;0.87;16543300.0;20;5.45
XPPR11;Outros;0.0592;0.24;138139.0;2;45.23
XPSF11;Títulos e Val. Mob.;0.1258;0.82;628167.0;0;0.0
XTED11;Lajes Corporativas;0.0;0.62;0.0;4;0.04
YCHY11;Híbrido;0.0;9.95;0.0;13;3.26
YUFI11;Residencial;0.0285;0.85;0.0;40;0.0
ZAGH11;Híbrido;0.036699999999999997;1.35;891.0;0;0.0
ZAVC11;Títulos e Val. Mob.;0.0781;1.04;833.0;0;0.0
ZAVI11;Híbrido;0.14029999999999998;0.78;150624.0;10;0.73
ZIFI11;Híbrido;0.0;0.45;1164.0;0;0.0
